№;Offer ID;Категория;Номенклатура;Фактура;Маркетинговая цена;Мин. цена конкурентов
1;50810_ch_2;Подстолье;Для 1600x800;Металлокаркас Черный;289,50;207,54
2;50885_z_chmatgl_5;Компьютерные столы;Подъемный 1600x800;Дуб золотой крафт;3 072,15;0,00
3;51392_bk_3;Столешница;прямоугольная 2000х900 (36);Дуб белый крафт;416,73;0,00
4;51396_t_ch_8;Обеденные столы;1400х800;Дуб табачный крафт;528,78;466,41
5;51780_t_ch_6;Обеденные столы;1800х1000 (36);Дуб табачный крафт;775,68;748,29
6;48110_bk_ch_1;Обеденные столы;1300х800 (18);Дуб белый крафт;382,71;345,63
7;49518_t_ch_2;Компьютерные столы;1 1300х850;Дуб табачный крафт;526,83;0,00
8;51717_ch_1;Подстолье;Для 1030*680;Металлокаркас Черный;381,15;343,68
9;44713_bet_g_17;Письменные столы;1600х800;Бетон;910,35;0,00
10;46527_t_3;Столешница;С закруг.углами 1200х700 (36);Дуб табачный крафт;261,39;0,00
11;47184_t_ch_5;Обеденные столы;2 круглая D1000;Дуб табачный крафт;623,79;0,00
12;46532_bet_6;Столешница;С закруг.углами 2000х1000 (36);Бетон;556,20;0,00
13;50758_clf_ch_3;Сад;Керамогранит 1200х600;Керамогранит Бетон Клифф;570,78;584,61
14;50662_z_ch_2;Письменные столы;1800х800;Дуб золотой крафт;624,00;634,14
15;51126_b_b_4;Компьютерные столы;с вырезом 1600х800;Белый;761,73;0,00
16;51126_bk_ch_1;Компьютерные столы;с вырезом 1600х800;Дуб белый крафт;1 386,90;0,00
17;50552_t_3;Столешница;прямоугольная 1800х800 (36);Дуб табачный крафт;404,97;292,35
18;50578_z_ch_5;Столешница;геймерская 1300х800 (36);Дуб золотой крафт;292,59;316,14
19;50788_ccn_ch_2;Сад;Керамогранит 600х600;Керамогранит Бетон Канон 1;263,76;361,53
20;50600_ch_2;Аксессуары для компьютерных столов;Держатель для системного блока;Металлокаркас Черный;113,13;105,69
21;51495_b_b_1;Столешница;геймерская 1800х800 (36);Белый;400,44;283,74
22;50552_z_2;Столешница;прямоугольная 1800х800 (36);Дуб золотой крафт;352,38;292,35
23;50663_bk_ch_2;Обеденные столы;2 круглая D1200;Дуб белый крафт;584,19;526,74
24;50673_b_b_1;Обеденные столы;2000х800 (18);Белый;612,51;607,17
25;50673_z_ch_3;Обеденные столы;2000х800 (18);Дуб золотой крафт;620,55;617,55
26;47865_bet_3;Столешница;прямоугольная 1400х700 (36);Бетон;278,16;210,48
27;49511_z_ch_2;Столешница;геймерская 1200х850 (18);Дуб золотой крафт;292,86;181,71
28;51213_z_ch_2;Компьютерные столы;угловой 1600х1200;Дуб золотой крафт;1 837,14;1 210,02
29;51394_pas_7;Столешница;С закруг.углами 1400х800 (36);Сосна пасадена;271,11;0,00
30;45588_b_1;Подстолье;П-образное 680;(пусто);281,73;255,42
31;51780_z_ch_5;Обеденные столы;1800х1000 (36);Дуб золотой крафт;552,63;748,29
32;46531_b_5;Столешница;С закруг.углами 1800х900 (36);Белый;468,21;332,43
33;46915_g_6;Сад;каркас гамака;(пусто);554,40;0,00
34;51594_gs_ch_1;Сад;Керамогранит 800х800;Керамогранит Серый Камень;440,97;0,00
35;42321_b_b_75;Обеденные столы;1 1100х380/760;Белый;441,06;0,00
36;50695_b_b_1;Компьютерные столы;1600х800;Белый;824,94;0,00
37;51392_b_1;Столешница;прямоугольная 2000х900 (36);Белый;460,89;0,00
38;51423_gc_ch_4;Сад;Керамогранит 1600х800;Керамогранит Серый Бетон;693,66;0,00
39;46530_t_3;Столешница;С закруг.углами 1600х800 (36);Дуб табачный крафт;486,12;0,00
40;50662_bet_g_4;Письменные столы;1800х800;Бетон;670,98;623,55
41;50878_bk_ch_3;Компьютерные столы;2 1400х800;Дуб белый крафт;722,58;645,84
42;51104_ch_2;Подстолье;Для 1800x800;Металлокаркас Черный;316,71;0,00
43;51392_z_4;Столешница;прямоугольная 2000х900 (36);Дуб золотой крафт;452,01;0,00
44;51544_t_ch_6;Обеденные столы;1800х800;Дуб табачный крафт;574,59;364,59
45;51597_t_ch_5;Компьютерные столы;с подсветкой 1400х700;Дуб табачный крафт;686,55;0,00
46;50663_b_b_1;Обеденные столы;2 круглая D1200;Белый;985,95;0,00
47;50663_z_b_7;Обеденные столы;2 круглая D1200;Дуб золотой крафт;985,95;0,00
48;50669_t_ch_4;Столешница;геймерская 1600х800 (36);Дуб табачный крафт;369,87;285,03
49;50810_g_3;Подстолье;Для 1600x800;Металлокаркас Графит;212,25;0,00
50;51347_bk_ch_3;Компьютерные столы;Сплит двухместный;Дуб белый крафт;1 126,32;1 403,37
51;51778_b_1;Столешница;Овальная 1800х1000 (36);Белый;272,43;382,59
52;49511_bet_g_4;Столешница;геймерская 1200х850 (18);Бетон;308,70;0,00
53;50669_b_b_1;Столешница;геймерская 1600х800 (36);Белый;365,01;283,74
54;45588_ch_2;Подстолье;П-образное 680;(пусто);281,73;255,42
56;51675_t_ch_5;Компьютерные столы;Подъемный с подсветкой 1400х700;Дуб табачный крафт;811,41;0,00
57;51594_gc_ch_3;Сад;Керамогранит 800х800;Керамогранит Серый Бетон;395,07;0,00
58;48111_t_ch_3;Обеденные столы;1600х800 (18);Дуб табачный крафт;489,60;364,59
59;50578_b_b_1;Столешница;геймерская 1300х800 (36);Белый;416,25;266,97
60;41404_pas_ch_8;Обеденные столы;2000х1000;Сосна пасадена;1 078,26;0,00
61;49511_b_b_1;Столешница;геймерская 1200х850 (18);Белый;214,20;179,40
62;51696_bk_3;Столешница;Угловая 1400х1100 (36);Дуб белый крафт;589,80;0,00
63;42773_ch_2;Подстолье;U-образное 720;(пусто);331,65;285,39
64;44713_b_b_10;Письменные столы;1600х800;Белый;521,76;663,03
65;46531_bet_6;Столешница;С закруг.углами 1800х900 (36);Бетон;348,15;0,00
66;46531_bk_2;Столешница;С закруг.углами 1800х900 (36);Дуб белый крафт;449,97;326,49
67;46813_ch_1;Подстолье;Для 570х710;(пусто);484,20;0,00
68;50669_bet_ch_5;Столешница;геймерская 1600х800 (36);Бетон;365,01;372,27
69;51191_z_ch_2;Компьютерные столы;1400х800;Дуб золотой крафт;769,50;0,00
70;51544_pas_ch_8;Обеденные столы;1800х800;Сосна пасадена;567,39;0,00
71;46527_z_1;Столешница;С закруг.углами 1200х700 (36);Дуб золотой крафт;233,88;0,00
72;46532_bk_1;Столешница;С закруг.углами 2000х1000 (36);Дуб белый крафт;459,78;0,00
73;51717_b_2;Подстолье;Для 1030*680;Металлокаркас Белый;503,67;371,85
74;44713_z_ch_5;Письменные столы;1600х800;Дуб золотой крафт;635,10;642,18
75;46449_t_3;Столешница;прямоугольная 1300х800 (36);Дуб табачный крафт;294,12;219,75
76;41404_b_b_21;Обеденные столы;2000х1000;Белый;832,83;0,00
77;48111_z_ch_1;Обеденные столы;1600х800 (18);Дуб золотой крафт;489,60;364,59
78;50885_t_chmatgl_6;Компьютерные столы;Подъемный 1600x800;Дуб табачный крафт;3 072,15;0,00
79;51581_ch_3;Подстолье;для 1600х800;Металлокаркас Черный;282,06;0,00
80;51191_t_ch_3;Компьютерные столы;1400х800;Дуб табачный крафт;769,50;0,00
81;46536_t_3;Столешница;круглая D1200 (36);Дуб табачный крафт;389,19;409,50
82;51394_bet_2;Столешница;С закруг.углами 1400х800 (36);Бетон;326,70;239,49
83;51437_z_ch_4;Компьютерные столы;1800х800 (36);Дуб золотой крафт;846,69;0,00
84;51495_t_ch_5;Столешница;геймерская 1800х800 (36);Дуб табачный крафт;435,60;354,72
85;46527_b_8;Столешница;С закруг.углами 1200х700 (36);Белый;347,94;0,00
86;46527_pas_5;Столешница;С закруг.углами 1200х700 (36);Сосна пасадена;221,31;267,45
87;46536_z_2;Столешница;круглая D1200 (36);Дуб золотой крафт;312,42;408,57
88;48110_z_ch_3;Обеденные столы;1300х800 (18);Дуб золотой крафт;374,85;322,20
89;46449_bet_13;Столешница;прямоугольная 1300х800 (36);Бетон;397,47;303,24
90;46531_z_1;Столешница;С закруг.углами 1800х900 (36);Дуб золотой крафт;442,59;332,43
91;51544_z_ch_5;Обеденные столы;1800х800;Дуб золотой крафт;574,95;448,47
92;51696_t_5;Столешница;Угловая 1400х1100 (36);Дуб табачный крафт;589,80;0,00
93;44713_t_ch_8;Письменные столы;1600х800;Дуб табачный крафт;833,52;650,22
94;46813_b_2;Подстолье;Для 570х710;(пусто);320,79;300,15
95;49524_z_ch_6;Компьютерные столы;1300х700 (18);Дуб золотой крафт;738,45;0,00
96;46532_z_2;Столешница;С закруг.углами 2000х1000 (36);Дуб золотой крафт;533,73;0,00
97;46536_pas_4;Столешница;круглая D1200 (36);Сосна пасадена;554,40;0,00
98;51191_bk_ch_1;Компьютерные столы;1400х800;Дуб белый крафт;769,50;0,00
99;47865_t_1;Столешница;прямоугольная 1400х700 (36);Дуб табачный крафт;278,16;217,05
100;51394_sr_6;Столешница;С закруг.углами 1400х800 (36);Серый;300,93;0,00
101;51742_z_ch_5;Компьютерные столы;1600х800 (18);Дуб золотой крафт;912,93;583,50
102;51588_z_ch_5;Компьютерные столы;с вырезом 1400х800;Дуб золотой крафт;783,45;0,00
103;51597_z_ch_4;Компьютерные столы;с подсветкой 1400х700;Дуб золотой крафт;686,55;0,00
104;51696_b_1;Столешница;Угловая 1400х1100 (36);Белый;330,84;0,00
105;51786_z_ch_5;Обеденные столы;1600х1000 (36);Дуб золотой крафт;485,58;741,18
106;41434_bk_ch_5;Обеденные столы;1600х800;Дуб белый крафт;847,65;0,00
107;42378_t_ch_44;Обеденные столы;2 1250х380/760;Дуб табачный крафт;455,79;0,00
108;46532_b_5;Столешница;С закруг.углами 2000х1000 (36);Белый;507,42;558,63
109;46532_t_3;Столешница;С закруг.углами 2000х1000 (36);Дуб табачный крафт;722,49;0,00
110;51394_b_1;Столешница;С закруг.углами 1400х800 (36);Белый;437,07;243,75
111;51470_t_ch_5;Компьютерные столы;угловой 2000х1200;Дуб табачный крафт;2 647,53;0,00
112;51588_t_ch_6;Компьютерные столы;с вырезом 1400х800;Дуб табачный крафт;797,70;0,00
113;46449_b_9;Столешница;прямоугольная 1300х800 (36);Белый;290,13;219,75
114;46450_t_3;Столешница;прямоугольная 1600х800 (36);Дуб табачный крафт;356,34;0,00
115;50758_trw_ch_7;Сад;Керамогранит 1200х600;Керамогранит Дерево Вуд 3;515,28;0,00
116;42819_b_1;Подстолье;U-образное 620;(пусто);210,54;285,39
117;50671_bet_g_5;Компьютерные столы;2 1600х800;Бетон;1 041,81;690,42
118;50885_b_chmatgl_2;Компьютерные столы;Подъемный 1600x800;Белый;930,60;0,00
119;51437_t_ch_5;Компьютерные столы;1800х800 (36);Дуб табачный крафт;846,69;728,79
120;51470_bk_ch_3;Компьютерные столы;угловой 2000х1200;Дуб белый крафт;2 647,53;0,00
121;51742_t_ch_6;Компьютерные столы;1600х800 (18);Дуб табачный крафт;912,93;583,50
122;46450_b_5;Столешница;прямоугольная 1600х800 (36);Белый;351,69;257,22
123;47185_bk_ch_1;Обеденные столы;2 круглая D1100;Дуб белый крафт;935,55;0,00
124;49518_z_ch_4;Компьютерные столы;1 1300х850;Дуб золотой крафт;566,49;612,66
125;50552_bk_1;Столешница;прямоугольная 1800х800 (36);Дуб белый крафт;367,98;292,35
126;46450_bet_15;Столешница;прямоугольная 1600х800 (36);Бетон;470,49;0,00
127;51394_z_4;Столешница;С закруг.углами 1400х800 (36);Дуб золотой крафт;318,12;243,75
128;51507_t_ch_5;Письменные столы;1600х800;Дуб табачный крафт;972,63;1 042,65
129;46530_bk_1;Столешница;С закруг.углами 1600х800 (36);Дуб белый крафт;353,82;365,25
130;50671_b_b_1;Компьютерные столы;2 1600х800;Белый;772,44;690,42
131;51347_t_ch_5;Компьютерные столы;Сплит двухместный;Дуб табачный крафт;1 126,32;0,00
132;51392_bet_2;Столешница;прямоугольная 2000х900 (36);Бетон;460,89;0,00
133;51437_bk_ch_3;Компьютерные столы;1800х800 (36);Дуб белый крафт;1 157,22;747,45
134;51191_b_b_5;Компьютерные столы;1400х800;Белый;816,63;0,00
135;42321_t_ch_44;Обеденные столы;1 1100х380/760;Дуб табачный крафт;537,93;0,00
136;46448_bet_24;Столешница;прямоугольная 1200х700 (36);Бетон;245,19;0,00
137;46529_b_8;Столешница;С закруг.углами 1300х800 (36);Белый;285,39;223,68
138;46530_b_5;Столешница;С закруг.углами 1600х800 (36);Белый;358,62;265,77
139;50552_bet_5;Столешница;прямоугольная 1800х800 (36);Бетон;357,78;408,24
140;51423_gs_ch_3;Сад;Керамогранит 1600х800;Керамогранит Серый Камень;725,82;0,00
141;51507_bk_ch_3;Письменные столы;1600х800;Дуб белый крафт;884,94;1 042,65
142;42432_b_b_21;Обеденные столы;1800х900;Белый;687,60;581,31
143;51783_bk_3;Столешница;Овальная 1600х1000 (36);Дуб белый крафт;243,33;341,79
144;51786_t_ch_7;Обеденные столы;1600х1000 (36);Дуб табачный крафт;576,27;750,69
145;41434_b_b_23;Обеденные столы;1600х800;Белый;593,34;508,62
146;46530_z_2;Столешница;С закруг.углами 1600х800 (36);Дуб золотой крафт;368,16;272,58
147;47185_t_ch_3;Обеденные столы;2 круглая D1100;Дуб табачный крафт;935,55;0,00
148;49527_b_b_2;Компьютерные столы;1600х700 (18);Белый;559,05;0,00
149;50673_t_ch_4;Обеденные столы;2000х800 (18);Дуб табачный крафт;620,55;595,41
150;51594_nm_ch_2;Сад;Керамогранит 800х800;Керамогранит Мрамор Неро;409,50;0,00
152;50758_gs_ch_10;Сад;Керамогранит 1200х600;Керамогранит Серый Камень;531,15;567,69
153;51783_b_1;Столешница;Овальная 1600х1000 (36);Белый;243,33;337,47
154;44713_bk_ch_2;Письменные столы;1600х800;Дуб белый крафт;582,54;663,03
155;49518_bk_ch_6;Компьютерные столы;1 1300х850;Дуб белый крафт;786,78;601,53
156;42773_g_11;Подстолье;U-образное 720;(пусто);467,55;0,00
157;46532_pas_4;Столешница;С закруг.углами 2000х1000 (36);Сосна пасадена;554,34;0,00
158;50671_z_ch_3;Компьютерные столы;2 1600х800;Дуб золотой крафт;718,92;678,90
159;51664_bk_ch_3;Компьютерные столы;Кембридж 1600х800 (36);Дуб белый крафт;1 398,54;1 241,88
161;41404_t_ch_7;Обеденные столы;2000х1000;Дуб табачный крафт;1 078,26;0,00
162;50552_pas_6;Столешница;прямоугольная 1800х800 (36);Сосна пасадена;399,72;292,35
163;50669_z_ch_3;Столешница;геймерская 1600х800 (36);Дуб золотой крафт;369,87;285,03
164;50673_bk_ch_2;Обеденные столы;2000х800 (18);Дуб белый крафт;604,44;607,17
165;50878_b_b_1;Компьютерные столы;2 1400х800;Белый;764,49;635,07
166;46527_bk_2;Столешница;С закруг.углами 1200х700 (36);Дуб белый крафт;261,39;0,00
167;49527_bk_ch_4;Компьютерные столы;1600х700 (18);Дуб белый крафт;497,94;416,22
168;50876_bk_chmatgl_3;Компьютерные столы;Подъемный 1300x800;Дуб белый крафт;972,93;0,00
169;51675_bk_ch_3;Компьютерные столы;Подъемный с подсветкой 1400х700;Дуб белый крафт;686,55;0,00
170;42378_b_b_67;Обеденные столы;2 1250х380/760;Белый;455,79;420,84
171;46529_t_3;Столешница;С закруг.углами 1300х800 (36);Дуб табачный крафт;285,39;223,68
172;48577_bet_7;Столешница;прямоугольная 1200х700 (18);Бетон;196,65;0,00
173;51507_z_ch_4;Письменные столы;1600х800;Дуб золотой крафт;972,63;1 042,65
174;51778_z_4;Столешница;Овальная 1800х1000 (36);Дуб золотой крафт;272,43;382,59
175;41434_z_b_10;Обеденные столы;1600х800;Дуб золотой крафт;886,95;0,00
176;42432_z_b_10;Обеденные столы;1800х900;Дуб золотой крафт;671,85;742,83
177;50876_z_chmatgl_4;Компьютерные столы;Подъемный 1300x800;Дуб золотой крафт;2 958,30;0,00
178;50810_b_1;Подстолье;Для 1600x800;Металлокаркас Белый;223,83;0,00
179;51396_sr_b_9;Обеденные столы;1400х800;Серый;825,30;0,00
180;46450_bk_1;Столешница;прямоугольная 1600х800 (36);Дуб белый крафт;315,63;252,63
181;46531_t_3;Столешница;С закруг.углами 1800х900 (36);Дуб табачный крафт;418,65;0,00
182;51394_bk_3;Столешница;С закруг.углами 1400х800 (36);Дуб белый крафт;437,07;232,20
183;44651_ch_1;Подстолье;Для 1200х700;(пусто);275,52;0,00
184;46897_ch_2;Подстолье;Для 2;(пусто);307,50;0,00
185;50758_tw_ch_9;Сад;Керамогранит 1200х600;Керамогранит Дерево Вуд 4;531,15;567,69
186;51394_t_5;Столешница;С закруг.углами 1400х800 (36);Дуб табачный крафт;437,07;239,49
187;51780_bk_ch_4;Обеденные столы;1800х1000 (36);Дуб белый крафт;581,73;748,29
188;50663_t_ch_4;Обеденные столы;2 круглая D1200;Дуб табачный крафт;902,73;526,74
189;46530_bet_9;Столешница;С закруг.углами 1600х800 (36);Бетон;336,12;365,25
190;50671_t_ch_4;Компьютерные столы;2 1600х800;Дуб табачный крафт;783,12;690,42
191;51191_bet_g_6;Компьютерные столы;1400х800;Бетон;816,63;0,00
192;46897_b_1;Подстолье;Для 2;(пусто);457,89;0,00
193;41434_pas_ch_21;Обеденные столы;1600х800;Сосна пасадена;573,24;508,62
194;48110_pas_ch_10;Обеденные столы;1300х800 (18);Сосна пасадена;614,25;0,00
195;49518_b_b_7;Компьютерные столы;1 1300х850;Белый;523,95;612,66
196;50695_bk_ch_3;Компьютерные столы;1600х800;Дуб белый крафт;824,94;0,00
197;50876_t_chmatgl_5;Компьютерные столы;Подъемный 1300x800;Дуб табачный крафт;2 958,30;0,00
198;47865_bk_4;Столешница;прямоугольная 1400х700 (36);Дуб белый крафт;274,35;217,05
199;47865_sr_7;Столешница;прямоугольная 1400х700 (36);Серый;406,35;162,78
201;46450_sr_14;Столешница;прямоугольная 1600х800 (36);Серый;323,94;0,00
202;41404_bk_ch_5;Обеденные столы;2000х1000;Дуб белый крафт;832,83;0,00
203;51110_bk_ch_3;Компьютерные столы;с ящиком 1800х800;Дуб белый крафт;1 071,99;1 126,65
204;51396_bk_ch_5;Обеденные столы;1400х800;Дуб белый крафт;568,23;466,41
205;42378_bk_ch_39;Обеденные столы;2 1250х380/760;Дуб белый крафт;455,79;0,00
206;42432_t_ch_7;Обеденные столы;1800х900;Дуб табачный крафт;726,87;581,31
207;46448_z_2;Столешница;прямоугольная 1200х700 (36);Дуб золотой крафт;248,58;200,10
208;51126_z_ch_2;Компьютерные столы;с вырезом 1600х800;Дуб золотой крафт;1 386,90;0,00
209;51347_z_ch_4;Компьютерные столы;Сплит двухместный;Дуб золотой крафт;1 126,32;1 403,37
210;51392_t_5;Столешница;прямоугольная 2000х900 (36);Дуб табачный крафт;635,01;0,00
211;46449_bk_1;Столешница;прямоугольная 1300х800 (36);Дуб белый крафт;255,36;229,77
212;46449_z_2;Столешница;прямоугольная 1300х800 (36);Дуб золотой крафт;397,47;219,75
213;46536_b_6;Столешница;круглая D1200 (36);Белый;534,72;408,57
214;46536_bk_1;Столешница;круглая D1200 (36);Дуб белый крафт;534,72;408,57
215;49524_bk_ch_4;Компьютерные столы;1300х700 (18);Дуб белый крафт;738,45;0,00
216;50662_t_ch_3;Письменные столы;1800х800;Дуб табачный крафт;680,31;626,13
217;45588_g_11;Подстолье;П-образное 680;(пусто);192,96;245,97
218;49524_b_b_2;Компьютерные столы;1300х700 (18);Белый;738,45;0,00
219;51742_bk_ch_4;Компьютерные столы;1600х800 (18);Дуб белый крафт;912,93;0,00
220;49524_bet_g_13;Компьютерные столы;1300х700 (18);Бетон;738,45;0,00
221;41404_z_b_10;Обеденные столы;2000х1000;Дуб золотой крафт;821,61;850,56
222;46915_b_1;Сад;каркас гамака;(пусто);279,00;0,00
223;47865_pas_6;Столешница;прямоугольная 1400х700 (36);Сосна пасадена;385,50;210,48
224;51213_t_ch_3;Компьютерные столы;угловой 1600х1200;Дуб табачный крафт;1 239,48;0,00
225;51588_bk_ch_4;Компьютерные столы;с вырезом 1400х800;Дуб белый крафт;728,58;0,00
226;42773_b_1;Подстолье;U-образное 720;(пусто);275,85;285,39
227;50552_b_4;Столешница;прямоугольная 1800х800 (36);Белый;394,47;292,35
228;50662_b_b_5;Письменные столы;1800х800;Белый;658,77;699,27
229;50578_bet_ch_3;Столешница;геймерская 1300х800 (36);Бетон;416,25;242,67
230;51213_bk_ch_1;Компьютерные столы;угловой 1600х1200;Дуб белый крафт;1 115,52;0,00
231;51392_pas_8;Столешница;прямоугольная 2000х900 (36);Сосна пасадена;467,46;0,00
232;51742_bet_g_9;Компьютерные столы;1600х800 (18);Бетон;732,84;583,50
233;51783_t_5;Столешница;Овальная 1600х1000 (36);Дуб табачный крафт;289,71;341,79
234;42432_bk_ch_5;Обеденные столы;1800х900;Дуб белый крафт;941,04;739,47
235;46450_cap_13;Столешница;прямоугольная 1600х800 (36);Капучино;323,94;0,00
236;48111_bet_g_11;Обеденные столы;1600х800 (18);Бетон;476,55;478,44
237;50662_bk_ch_1;Письменные столы;1800х800;Дуб белый крафт;599,67;704,10
238;49511_t_ch_3;Столешница;геймерская 1200х850 (18);Дуб табачный крафт;292,86;179,40
239;50693_z_ch_3;Компьютерные столы;1300х800;Дуб золотой крафт;1 271,25;0,00
240;51778_t_5;Столешница;Овальная 1800х1000 (36);Дуб табачный крафт;308,37;377,76
241;51783_z_4;Столешница;Овальная 1600х1000 (36);Дуб золотой крафт;247,65;341,79
242;46448_pas_5;Столешница;прямоугольная 1200х700 (36);Сосна пасадена;248,58;193,95
243;47154_ch_2;Подстолье;Для 680х720;(пусто);355,38;328,32
244;47206_b_ch_8;Обеденные столы;3 круглая D1100/1500;Белый;948,99;810,06
245;50673_bet_g_5;Обеденные столы;2000х800 (18);Бетон;612,51;607,17
246;50788_cnz_ch_4;Сад;Керамогранит 600х600;Керамогранит Мрамор Канцоне 7;263,76;361,53
247;47865_z_5;Столешница;прямоугольная 1400х700 (36);Дуб золотой крафт;253,38;217,05
248;50578_bk_ch_4;Столешница;геймерская 1300х800 (36);Дуб белый крафт;416,25;258,06
249;50878_t_ch_5;Компьютерные столы;2 1400х800;Дуб табачный крафт;976,80;645,84
250;51544_b_b_1;Обеденные столы;1800х800;Белый;567,39;448,47
251;51597_bk_ch_3;Компьютерные столы;с подсветкой 1400х700;Дуб белый крафт;686,55;0,00
252;51664_z_ch_4;Компьютерные столы;Кембридж 1600х800 (36);Дуб золотой крафт;1 098,06;1 257,78
253;46448_b_23;Столешница;прямоугольная 1200х700 (36);Белый;211,14;190,47
254;46529_bk_1;Столешница;С закруг.углами 1300х800 (36);Дуб белый крафт;285,39;0,00
255;46529_z_2;Столешница;С закруг.углами 1300х800 (36);Дуб золотой крафт;267,09;0,00
256;48111_pas_ch_12;Обеденные столы;1600х800 (18);Сосна пасадена;425,34;478,44
257;49527_t_ch_8;Компьютерные столы;1600х700 (18);Дуб табачный крафт;505,32;421,56
258;50812_b_1;Подстолье;Для 1300x800;Металлокаркас Белый;233,16;198,99
259;51104_b_1;Подстолье;Для 1800x800;Металлокаркас Белый;304,05;210,21
260;51126_t_ch_3;Компьютерные столы;с вырезом 1600х800;Дуб табачный крафт;1 197,63;0,00
261;46450_pas_4;Столешница;прямоугольная 1600х800 (36);Сосна пасадена;351,69;252,63
262;48110_b_b_2;Обеденные столы;1300х800 (18);Белый;440,55;351,48
263;50695_z_ch_4;Компьютерные столы;1600х800;Дуб золотой крафт;814,11;0,00
264;51107_bk_ch_5;Аксессуары для компьютерных столов;Подставка для монитора (600х230х100);Дуб белый крафт;90,96;121,41
265;51495_bk_ch_3;Столешница;геймерская 1800х800 (36);Дуб белый крафт;411,90;258,06
266;51674;Аксессуары для компьютерных столов;Кронштейн для монитора F80;Металлокаркас Черный;87,36;#Н/Д
267;46450_z_2;Столешница;прямоугольная 1600х800 (36);Дуб золотой крафт;343,62;0,00
268;46529_pas_4;Столешница;С закруг.углами 1300х800 (36);Сосна пасадена;261,96;0,00
269;50578_t_ch_6;Столешница;геймерская 1300х800 (36);Дуб табачный крафт;312,15;0,00
271;50673_bet_ch_8;Обеденные столы;2000х800 (18);Бетон;843,30;0,00
272;51544_bk_ch_4;Обеденные столы;1800х800;Дуб белый крафт;756,06;442,80
273;51786_bk_ch_4;Обеденные столы;1600х1000 (36);Дуб белый крафт;425,91;750,69
274;41434_t_ch_2;Обеденные столы;1600х800;Дуб табачный крафт;627,27;540,84
275;49524_t_ch_7;Компьютерные столы;1300х700 (18);Дуб табачный крафт;470,58;0,00
276;51107_z_ch_6;Аксессуары для компьютерных столов;Подставка для монитора (600х230х100);Дуб золотой крафт;90,96;120,51
277;51423_nm_ch_2;Сад;Керамогранит 1600х800;Керамогранит Мрамор Неро;746,55;0,00
278;46449_pas_6;Столешница;прямоугольная 1300х800 (36);Сосна пасадена;290,13;219,75
279;48111_bg_b_15;Обеденные столы;1600х800 (18);Бежевый;405,72;0,00
280;50878_bet_g_2;Компьютерные столы;2 1400х800;Бетон;976,80;0,00
281;51495_z_ch_4;Столешница;геймерская 1800х800 (36);Дуб золотой крафт;560,91;354,72
282;51664_t_ch_5;Компьютерные столы;Кембридж 1600х800 (36);Дуб табачный крафт;1 229,22;1 241,88
283;51696_z_4;Столешница;Угловая 1400х1100 (36);Дуб золотой крафт;589,80;0,00
284;46448_t_22;Столешница;прямоугольная 1200х700 (36);Дуб табачный крафт;248,58;191,46
285;49518_bet_g_8;Компьютерные столы;1 1300х850;Бетон;590,07;616,11
286;50669_bk_ch_2;Столешница;геймерская 1600х800 (36);Дуб белый крафт;494,79;285,03
287;50671_bk_ch_2;Компьютерные столы;2 1600х800;Дуб белый крафт;701,40;0,00
288;50673_pas_ch_6;Обеденные столы;2000х800 (18);Сосна пасадена;604,44;607,17
289;51675_z_ch_4;Компьютерные столы;Подъемный с подсветкой 1400х700;Дуб золотой крафт;686,55;0,00
290;44651_b_3;Подстолье;Для 1200х700;(пусто);215,94;0,00
291;51581_b_1;Подстолье;для 1600х800;Металлокаркас Белый;268,17;0,00
292;47154_b_1;Подстолье;Для 680х720;(пусто);512,97;328,32
293;42432_pas_ch_8;Обеденные столы;1800х900;Сосна пасадена;941,04;588,75
294;48111_sr_b_14;Обеденные столы;1600х800 (18);Серый;652,41;0,00
295;49527_bet_g_13;Компьютерные столы;1600х700 (18);Бетон;503,01;555,48
296;51110_z_ch_4;Компьютерные столы;с ящиком 1800х800;Дуб золотой крафт;1 071,99;1 126,65
297;51778_bk_3;Столешница;Овальная 1800х1000 (36);Дуб белый крафт;259,44;0,00
298;48111_bk_ch_4;Обеденные столы;1600х800 (18);Дуб белый крафт;380,34;364,59
299;50695_t_ch_5;Компьютерные столы;1600х800;Дуб табачный крафт;875,40;0,00
300;50885_bet_chmatgl_3;Компьютерные столы;Подъемный 1600x800;Бетон;930,60;0,00
301;46915_ch_2;Сад;каркас гамака;(пусто);279,00;0,00
302;51495_bet_ch_2;Столешница;геймерская 1800х800 (36);Бетон;436,20;354,72
303;46448_bk_1;Столешница;прямоугольная 1200х700 (36);Дуб белый крафт;344,52;191,46
304;46530_pas_4;Столешница;С закруг.углами 1600х800 (36);Сосна пасадена;353,82;282,81
305;47660_bk_1;Столешница;круглая раздвижная D1100;Дуб белый крафт;884,70;0,00
306;48111_b_b_2;Обеденные столы;1600х800 (18);Белый;483,06;396,90
307;46531_pas_4;Столешница;С закруг.углами 1800х900 (36);Сосна пасадена;586,44;0,00
308;50878_z_ch_4;Компьютерные столы;2 1400х800;Дуб золотой крафт;976,80;799,02
309;51396_b_b_1;Обеденные столы;1400х800;Белый;513,00;0,00
310;51470_z_ch_4;Компьютерные столы;угловой 2000х1200;Дуб золотой крафт;2 647,53;0,00
311;42819_ch_2;Подстолье;U-образное 620;(пусто);443,67;285,39
312;47206_t_ch_5;Обеденные столы;3 круглая D1100/1500;Дуб табачный крафт;948,99;823,80
313;49527_z_ch_6;Компьютерные столы;1600х700 (18);Дуб золотой крафт;517,38;421,56
314;50812_ch_3;Подстолье;Для 1300x800;Металлокаркас Черный;233,16;196,47
315;51110_t_ch_5;Компьютерные столы;с ящиком 1800х800;Дуб табачный крафт;1 071,99;1 126,65
316;47865_b_2;Столешница;прямоугольная 1400х700 (36);Белый;278,16;217,05
317;48110_t_ch_4;Обеденные столы;1300х800 (18);Дуб табачный крафт;394,50;345,63
318;51107_t_ch_7;Аксессуары для компьютерных столов;Подставка для монитора (600х230х100);Дуб табачный крафт;90,96;60,90
319;42321_bk_ch_49;Обеденные столы;1 1100х380/760;Дуб белый крафт;441,06;0,00
